Vehicle ID,Average Fuel Efficiency (Km/L)
V005,16.666666666666668
V003,15.0
V002,13.636363636363637
V001,12.0
V004,10.0
